Employee Name,Employee Number,MarriedID,MaritalStatusID,GenderID,EmpStatus_ID,DeptID,Perf_ScoreID,Age,Pay Rate,State,Zip,DOB,Sex,MaritalDesc,CitizenDesc,Hispanic/Latino,RaceDesc,Date of Hire,Days Employed,Date of Termination,Reason For Term,Employment Status,Department,Position,Manager Name,Employee Source,Performance Score
"Brown, Mia",1103024456,1,1,0,1,1,3,30,28.5,MA,1450,11/24/1987,Female,Married,US Citizen,No,Black or African American,10/27/2008,3317,,N/A - still employed,Active,Admin Offices,Accountant I,Brandon R. LeBlanc,Diversity Job Fair,Fully Meets
"LaRotonda, William  ",1106026572,0,2,1,1,1,3,34,23,MA,1460,4/26/1984,Male,Divorced,US Citizen,No,Black or African American,01-06-14,1420,,N/A - still employed,Active,Admin Offices,Accountant I,Brandon R. LeBlanc,Website Banner Ads,Fully Meets
"Steans, Tyrone  ",1302053333,0,0,1,1,1,3,31,29,MA,2703,09-01-86,Male,Single,US Citizen,No,White,9/29/2014,1154,,N/A - still employed,Active,Admin Offices,Accountant I,Brandon R. LeBlanc,Internet Search,Fully Meets
"Howard, Estelle",1211050782,1,1,0,1,1,9,32,21.5,MA,2170,9/16/1985,Female,Married,US Citizen,No,White,2/16/2015,58,4/15/2015,N/A - still employed,Active,Admin Offices,Administrative Assistant,Brandon R. LeBlanc,Pay Per Click - Google,N/A- too early to review
"Singh, Nan ",1307059817,0,0,0,1,1,9,30,16.56,MA,2330,5/19/1988,Female,Single,US Citizen,No,White,05-01-15,940,,N/A - still employed,Active,Admin Offices,Administrative Assistant,Brandon R. LeBlanc,Website Banner Ads,N/A- too early to review
"Smith, Leigh Ann",711007713,1,1,0,5,1,3,30,20.5,MA,1844,6/14/1987,Female,Married,US Citizen,No,Asian,9/26/2011,730,9/25/2013,career change,Voluntarily Terminated,Admin Offices,Administrative Assistant,Brandon R. LeBlanc,Diversity Job Fair,Fully Meets
"LeBlanc, Brandon  R",1102024115,1,1,1,1,1,3,33,55,MA,1460,06-10-84,Male,Married,US Citizen,No,White,01-05-16,691,,N/A - still employed,Active,Admin Offices,Shared Services Manager,Janet King,Monster.com,Fully Meets
"Quinn, Sean",1206043417,1,1,1,5,1,3,33,55,MA,2045,11-06-84,Male,Married,Eligible NonCitizen,No,Black or African American,2/21/2011,1636,8/15/2015,career change,Voluntarily Terminated,Admin Offices,Shared Services Manager,Janet King,Diversity Job Fair,Fully Meets
"Boutwell, Bonalyn",1307060188,1,1,0,1,1,0,31,34.95,MA,2468,04-04-87,Female,Married,US Citizen,No,Asian,2/16/2015,1014,,N/A - still employed,Active,Admin Offices,Sr. Accountant,Brandon R. LeBlanc,Diversity Job Fair,90-day meets
"Foster-Baker, Amy",1201031308,1,1,0,1,1,3,39,34.95,MA,2050,4/16/1979,Female,Married,US Citizen,no,White,01-05-09,3247,,N/A - still employed,Active,Admin Offices,Sr. Accountant,Board of Directors,Other,Fully Meets
"King, Janet",1001495124,1,1,0,1,2,3,63,80,MA,1902,9/21/1954,Female,Married,US Citizen,Yes,White,07-02-12,1973,,N/A - still employed,Active,Executive Office,President & CEO,Board of Directors,Pay Per Click - Google,Fully Meets
"Zamora, Jennifer",1112030816,0,0,0,1,3,5,38,65,MA,2067,8/30/1979,Female,Single,US Citizen,No,White,04-10-10,2787,,N/A - still employed,Active,IT/IS,CIO,Janet King,Employee Referral,Exceptional
,,,,,,,,,,,,,,,,,,,,,,,,,,,
,,,,,,,,,,,,,,,,,,,,,,,,,,,
,,,,,,,,,,,,,,,,,,,,,,,,,,,
,,,,,,,,,,,,,,,,,,,,,,,,,,,
,,,,,,,,,,,,,,,,,,,,,,,,,,,
,,,,,,,,,,,,,,,,,,,,,,,,,,,
,,,,,,,,,,,,,,,,,,,,,,,,,,,
,,,,,,,,,,,,,,,,,,,,,,,,,,,
,,,,,,,,,,,,,,,,,,,,,,,,,,,
,,,,,,,,,,,,,,,,,,,,,,,,,,,
,,,,,,,,,,,,,,,,,,,,,,,,,,,
,,,,,,,,,,,,,,,,,,,,,,,,,,,
,,,,,,,,,,,,,,,,,,,,,,,,,,,
,,,,,,,,,,,,,,,,,,,,,,,,,,,
,,,,,,,,,,,,,,,,,,,,,,,,,,,
,,,,,,,,,,,,,,,,,,,,,,,,,,,
,,,,,,,,,,,,,,,,,,,,,,,,,,,
,,,,,,,,,,,,,,,,,,,,,,,,,,,
,,,,,,,,,,,,,,,,,,,,,,,,,,,
,,,,,,,,,,,,,,,,,,,,,,,,,,,
,,,,,,,,,,,,,,,,,,,,,,,,,,,
,,,,,,,,,,,,,,,,,,,,,,,,,,,
,,,,,,,,,,,,,,,,,,,,,,,,,,,
,,,,,,,,,,,,,,,,,,,,,,,,,,,
,,,,,,,,,,,,,,,,,,,,,,,,,,,
,,,,,,,,,,,,,,,,,,,,,,,,,,,
,,,,,,,,,,,,,,,,,,,,,,,,,,,
,,,,,,,,,,,,,,,,,,,,,,,,,,,
,,,,,,,,,,,,,,,,,,,,,,,,,,,
,,,,,,,,,,,,,,,,,,,,,,,,,,,
,,,,,,,,,,,,,,,,,,,,,,,,,,,
,,,,,,,,,,,,,,,,,,,,,,,,,,,
,,,,,,,,,,,,,,,,,,,,,,,,,,,
,,,,,,,,,,,,,,,,,,,,,,,,,,,
,,,,,,,,,,,,,,,,,,,,,,,,,,,
,,,,,,,,,,,,,,,,,,,,,,,,,,,
,,,,,,,,,,,,,,,,,,,,,,,,,,,
,,,,,,,,,,,,,,,,,,,,,,,,,,,
,,,,,,,,,,,,,,,,,,,,,,,,,,,
,,,,,,,,,,,,,,,,,,,,,,,,,,,
,,,,,,,,,,,,,,,,,,,,,,,,,,,
,,,,,,,,,,,,,,,,,,,,,,,,,,,
,,,,,,,,,,,,,,,,,,,,,,,,,,,
,,,,,,,,,,,,,,,,,,,,,,,,,,,
,,,,,,,,,,,,,,,,,,,,,,,,,,,
,,,,,,,,,,,,,,,,,,,,,,,,,,,
,,,,,,,,,,,,,,,,,,,,,,,,,,,
,,,,,,,,,,,,,,,,,,,,,,,,,,,
,,,,,,,,,,,,,,,,,,,,,,,,,,,
,,,,,,,,,,,,,,,,,,,,,,,,,,,
,,,,,,,,,,,,,,,,,,,,,,,,,,,
,,,,,,,,,,,,,,,,,,,,,,,,,,,
,,,,,,,,,,,,,,,,,,,,,,,,,,,
,,,,,,,,,,,,,,,,,,,,,,,,,,,
,,,,,,,,,,,,,,,,,,,,,,,,,,,
,,,,,,,,,,,,,,,,,,,,,,,,,,,
,,,,,,,,,,,,,,,,,,,,,,,,,,,
,,,,,,,,,,,,,,,,,,,,,,,,,,,
,,,,,,,,,,,,,,,,,,,,,,,,,,,
,,,,,,,,,,,,,,,,,,,,,,,,,,,
,,,,,,,,,,,,,,,,,,,,,,,,,,,
,,,,,,,,,,,,,,,,,,,,,,,,,,,
,,,,,,,,,,,,,,,,,,,,,,,,,,,
,,,,,,,,,,,,,,,,,,,,,,,,,,,
,,,,,,,,,,,,,,,,,,,,,,,,,,,
,,,,,,,,,,,,,,,,,,,,,,,,,,,
,,,,,,,,,,,,,,,,,,,,,,,,,,,
,,,,,,,,,,,,,,,,,,,,,,,,,,,
,,,,,,,,,,,,,,,,,,,,,,,,,,,
,,,,,,,,,,,,,,,,,,,,,,,,,,,
,,,,,,,,,,,,,,,,,,,,,,,,,,,
,,,,,,,,,,,,,,,,,,,,,,,,,,,
,,,,,,,,,,,,,,,,,,,,,,,,,,,
,,,,,,,,,,,,,,,,,,,,,,,,,,,
,,,,,,,,,,,,,,,,,,,,,,,,,,,
,,,,,,,,,,,,,,,,,,,,,,,,,,,
,,,,,,,,,,,,,,,,,,,,,,,,,,,
,,,,,,,,,,,,,,,,,,,,,,,,,,,
,,,,,,,,,,,,,,,,,,,,,,,,,,,
,,,,,,,,,,,,,,,,,,,,,,,,,,,
,,,,,,,,,,,,,,,,,,,,,,,,,,,
,,,,,,,,,,,,,,,,,,,,,,,,,,,
,,,,,,,,,,,,,,,,,,,,,,,,,,,
,,,,,,,,,,,,,,,,,,,,,,,,,,,
,,,,,,,,,,,,,,,,,,,,,,,,,,,
,,,,,,,,,,,,,,,,,,,,,,,,,,,
,,,,,,,,,,,,,,,,,,,,,,,,,,,
,,,,,,,,,,,,,,,,,,,,,,,,,,,
,,,,,,,,,,,,,,,,,,,,,,,,,,,
,,,,,,,,,,,,,,,,,,,,,,,,,,,
,,,,,,,,,,,,,,,,,,,,,,,,,,,
,,,,,,,,,,,,,,,,,,,,,,,,,,,
,,,,,,,,,,,,,,,,,,,,,,,,,,,
,,,,,,,,,,,,,,,,,,,,,,,,,,,
,,,,,,,,,,,,,,,,,,,,,,,,,,,
,,,,,,,,,,,,,,,,,,,,,,,,,,,
,,,,,,,,,,,,,,,,,,,,,,,,,,,
,,,,,,,,,,,,,,,,,,,,,,,,,,,
,,,,,,,,,,,,,,,,,,,,,,,,,,,
,,,,,,,,,,,,,,,,,,,,,,,,,,,
,,,,,,,,,,,,,,,,,,,,,,,,,,,
,,,,,,,,,,,,,,,,,,,,,,,,,,,
,,,,,,,,,,,,,,,,,,,,,,,,,,,
,,,,,,,,,,,,,,,,,,,,,,,,,,,
,,,,,,,,,,,,,,,,,,,,,,,,,,,
,,,,,,,,,,,,,,,,,,,,,,,,,,,
,,,,,,,,,,,,,,,,,,,,,,,,,,,
,,,,,,,,,,,,,,,,,,,,,,,,,,,
,,,,,,,,,,,,,,,,,,,,,,,,,,,
,,,,,,,,,,,,,,,,,,,,,,,,,,,
,,,,,,,,,,,,,,,,,,,,,,,,,,,
,,,,,,,,,,,,,,,,,,,,,,,,,,,
,,,,,,,,,,,,,,,,,,,,,,,,,,,
,,,,,,,,,,,,,,,,,,,,,,,,,,,
,,,,,,,,,,,,,,,,,,,,,,,,,,,
,,,,,,,,,,,,,,,,,,,,,,,,,,,
,,,,,,,,,,,,,,,,,,,,,,,,,,,
,,,,,,,,,,,,,,,,,,,,,,,,,,,
,,,,,,,,,,,,,,,,,,,,,,,,,,,
,,,,,,,,,,,,,,,,,,,,,,,,,,,
,,,,,,,,,,,,,,,,,,,,,,,,,,,
,,,,,,,,,,,,,,,,,,,,,,,,,,,
,,,,,,,,,,,,,,,,,,,,,,,,,,,
,,,,,,,,,,,,,,,,,,,,,,,,,,,
,,,,,,,,,,,,,,,,,,,,,,,,,,,
,,,,,,,,,,,,,,,,,,,,,,,,,,,
,,,,,,,,,,,,,,,,,,,,,,,,,,,
,,,,,,,,,,,,,,,,,,,,,,,,,,,
,,,,,,,,,,,,,,,,,,,,,,,,,,,
,,,,,,,,,,,,,,,,,,,,,,,,,,,
,,,,,,,,,,,,,,,,,,,,,,,,,,,
,,,,,,,,,,,,,,,,,,,,,,,,,,,
,,,,,,,,,,,,,,,,,,,,,,,,,,,
,,,,,,,,,,,,,,,,,,,,,,,,,,,
,,,,,,,,,,,,,,,,,,,,,,,,,,,
,,,,,,,,,,,,,,,,,,,,,,,,,,,
,,,,,,,,,,,,,,,,,,,,,,,,,,,
,,,,,,,,,,,,,,,,,,,,,,,,,,,
,,,,,,,,,,,,,,,,,,,,,,,,,,,
,,,,,,,,,,,,,,,,,,,,,,,,,,,
,,,,,,,,,,,,,,,,,,,,,,,,,,,
,,,,,,,,,,,,,,,,,,,,,,,,,,,
,,,,,,,,,,,,,,,,,,,,,,,,,,,
,,,,,,,,,,,,,,,,,,,,,,,,,,,
,,,,,,,,,,,,,,,,,,,,,,,,,,,
,,,,,,,,,,,,,,,,,,,,,,,,,,,
,,,,,,,,,,,,,,,,,,,,,,,,,,,
,,,,,,,,,,,,,,,,,,,,,,,,,,,
,,,,,,,,,,,,,,,,,,,,,,,,,,,
,,,,,,,,,,,,,,,,,,,,,,,,,,,
,,,,,,,,,,,,,,,,,,,,,,,,,,,
,,,,,,,,,,,,,,,,,,,,,,,,,,,
,,,,,,,,,,,,,,,,,,,,,,,,,,,
,,,,,,,,,,,,,,,,,,,,,,,,,,,
,,,,,,,,,,,,,,,,,,,,,,,,,,,
,,,,,,,,,,,,,,,,,,,,,,,,,,,
,,,,,,,,,,,,,,,,,,,,,,,,,,,
,,,,,,,,,,,,,,,,,,,,,,,,,,,
,,,,,,,,,,,,,,,,,,,,,,,,,,,
,,,,,,,,,,,,,,,,,,,,,,,,,,,
,,,,,,,,,,,,,,,,,,,,,,,,,,,
,,,,,,,,,,,,,,,,,,,,,,,,,,,
,,,,,,,,,,,,,,,,,,,,,,,,,,,
,,,,,,,,,,,,,,,,,,,,,,,,,,,
,,,,,,,,,,,,,,,,,,,,,,,,,,,
,,,,,,,,,,,,,,,,,,,,,,,,,,,
,,,,,,,,,,,,,,,,,,,,,,,,,,,
,,,,,,,,,,,,,,,,,,,,,,,,,,,
,,,,,,,,,,,,,,,,,,,,,,,,,,,
,,,,,,,,,,,,,,,,,,,,,,,,,,,
,,,,,,,,,,,,,,,,,,,,,,,,,,,
,,,,,,,,,,,,,,,,,,,,,,,,,,,
,,,,,,,,,,,,,,,,,,,,,,,,,,,
,,,,,,,,,,,,,,,,,,,,,,,,,,,
,,,,,,,,,,,,,,,,,,,,,,,,,,,
,,,,,,,,,,,,,,,,,,,,,,,,,,,
,,,,,,,,,,,,,,,,,,,,,,,,,,,
,,,,,,,,,,,,,,,,,,,,,,,,,,,
,,,,,,,,,,,,,,,,,,,,,,,,,,,
,,,,,,,,,,,,,,,,,,,,,,,,,,,
,,,,,,,,,,,,,,,,,,,,,,,,,,,
,,,,,,,,,,,,,,,,,,,,,,,,,,,
,,,,,,,,,,,,,,,,,,,,,,,,,,,
,,,,,,,,,,,,,,,,,,,,,,,,,,,
,,,,,,,,,,,,,,,,,,,,,,,,,,,
,,,,,,,,,,,,,,,,,,,,,,,,,,,
,,,,,,,,,,,,,,,,,,,,,,,,,,,
,,,,,,,,,,,,,,,,,,,,,,,,,,,
,,,,,,,,,,,,,,,,,,,,,,,,,,,
,,,,,,,,,,,,,,,,,,,,,,,,,,,
,,,,,,,,,,,,,,,,,,,,,,,,,,,
,,,,,,,,,,,,,,,,,,,,,,,,,,,
,,,,,,,,,,,,,,,,,,,,,,,,,,,
,,,,,,,,,,,,,,,,,,,,,,,,,,,
,,,,,,,,,,,,,,,,,,,,,,,,,,,
,,,,,,,,,,,,,,,,,,,,,,,,,,,
,,,,,,,,,,,,,,,,,,,,,,,,,,,
,,,,,,,,,,,,,,,,,,,,,,,,,,,
,,,,,,,,,,,,,,,,,,,,,,,,,,,
,,,,,,,,,,,,,,,,,,,,,,,,,,,
,,,,,,,,,,,,,,,,,,,,,,,,,,,
,,,,,,,,,,,,,,,,,,,,,,,,,,,
,,,,,,,,,,,,,,,,,,,,,,,,,,,
,,,,,,,,,,,,,,,,,,,,,,,,,,,
,,,,,,,,,,,,,,,,,,,,,,,,,,,
,,,,,,,,,,,,,,,,,,,,,,,,,,,
,,,,,,,,,,,,,,,,,,,,,,,,,,,
,,,,,,,,,,,,,,,,,,,,,,,,,,,
,,,,,,,,,,,,,,,,,,,,,,,,,,,
,,,,,,,,,,,,,,,,,,,,,,,,,,,
,,,,,,,,,,,,,,,,,,,,,,,,,,,
,,,,,,,,,,,,,,,,,,,,,,,,,,,
,,,,,,,,,,,,,,,,,,,,,,,,,,,
,,,,,,,,,,,,,,,,,,,,,,,,,,,
,,,,,,,,,,,,,,,,,,,,,,,,,,,
,,,,,,,,,,,,,,,,,,,,,,,,,,,
,,,,,,,,,,,,,,,,,,,,,,,,,,,
,,,,,,,,,,,,,,,,,,,,,,,,,,,
,,,,,,,,,,,,,,,,,,,,,,,,,,,
,,,,,,,,,,,,,,,,,,,,,,,,,,,
,,,,,,,,,,,,,,,,,,,,,,,,,,,
,,,,,,,,,,,,,,,,,,,,,,,,,,,
,,,,,,,,,,,,,,,,,,,,,,,,,,,
,,,,,,,,,,,,,,,,,,,,,,,,,,,
,,,,,,,,,,,,,,,,,,,,,,,,,,,
,,,,,,,,,,,,,,,,,,,,,,,,,,,
,,,,,,,,,,,,,,,,,,,,,,,,,,,
,,,,,,,,,,,,,,,,,,,,,,,,,,,
,,,,,,,,,,,,,,,,,,,,,,,,,,,
,,,,,,,,,,,,,,,,,,,,,,,,,,,
,,,,,,,,,,,,,,,,,,,,,,,,,,,
,,,,,,,,,,,,,,,,,,,,,,,,,,,
,,,,,,,,,,,,,,,,,,,,,,,,,,,
,,,,,,,,,,,,,,,,,,,,,,,,,,,
,,,,,,,,,,,,,,,,,,,,,,,,,,,
,,,,,,,,,,,,,,,,,,,,,,,,,,,
,,,,,,,,,,,,,,,,,,,,,,,,,,,
,,,,,,,,,,,,,,,,,,,,,,,,,,,
,,,,,,,,,,,,,,,,,,,,,,,,,,,
,,,,,,,,,,,,,,,,,,,,,,,,,,,
,,,,,,,,,,,,,,,,,,,,,,,,,,,
,,,,,,,,,,,,,,,,,,,,,,,,,,,
,,,,,,,,,,,,,,,,,,,,,,,,,,,
,,,,,,,,,,,,,,,,,,,,,,,,,,,
,,,,,,,,,,,,,,,,,,,,,,,,,,,
,,,,,,,,,,,,,,,,,,,,,,,,,,,
,,,,,,,,,,,,,,,,,,,,,,,,,,,
,,,,,,,,,,,,,,,,,,,,,,,,,,,
,,,,,,,,,,,,,,,,,,,,,,,,,,,
,,,,,,,,,,,,,,,,,,,,,,,,,,,
,,,,,,,,,,,,,,,,,,,,,,,,,,,
,,,,,,,,,,,,,,,,,,,,,,,,,,,
,,,,,,,,,,,,,,,,,,,,,,,,,,,
,,,,,,,,,,,,,,,,,,,,,,,,,,,
,,,,,,,,,,,,,,,,,,,,,,,,,,,
,,,,,,,,,,,,,,,,,,,,,,,,,,,
,,,,,,,,,,,,,,,,,,,,,,,,,,,
,,,,,,,,,,,,,,,,,,,,,,,,,,,
,,,,,,,,,,,,,,,,,,,,,,,,,,,
,,,,,,,,,,,,,,,,,,,,,,,,,,,
,,,,,,,,,,,,,,,,,,,,,,,,,,,
,,,,,,,,,,,,,,,,,,,,,,,,,,,
,,,,,,,,,,,,,,,,,,,,,,,,,,,
,,,,,,,,,,,,,,,,,,,,,,,,,,,
,,,,,,,,,,,,,,,,,,,,,,,,,,,
,,,,,,,,,,,,,,,,,,,,,,,,,,,
,,,,,,,,,,,,,,,,,,,,,,,,,,,
,,,,,,,,,,,,,,,,,,,,,,,,,,,
,,,,,,,,,,,,,,,,,,,,,,,,,,,
,,,,,,,,,,,,,,,,,,,,,,,,,,,
,,,,,,,,,,,,,,,,,,,,,,,,,,,
,,,,,,,,,,,,,,,,,,,,,,,,,,,
,,,,,,,,,,,,,,,,,,,,,,,,,,,
,,,,,,,,,,,,,,,,,,,,,,,,,,,
,,,,,,,,,,,,,,,,,,,,,,,,,,,
,,,,,,,,,,,,,,,,,,,,,,,,,,,
,,,,,,,,,,,,,,,,,,,,,,,,,,,
,,,,,,,,,,,,,,,,,,,,,,,,,,,
,,,,,,,,,,,,,,,,,,,,,,,,,,,
,,,,,,,,,,,,,,,,,,,,,,,,,,,
,,,,,,,,,,,,,,,,,,,,,,,,,,,
,,,,,,,,,,,,,,,,,,,,,,,,,,,
"Exantus, Susan",1401064670,1,1,0,4,4,2,31,48.5,MA,1749,5/15/1987,Female,Married,US Citizen,No,Black or African American,05-02-11,765,06-05-13,attendance,Terminated for Cause,Software Engineering,Software Engineer,Alex Sweetwater,Billboard,Needs Improvement
"Martin, Sandra",1303054625,0,0,0,1,4,3,30,55.51,MA,2135,11-07-87,Female,Single,US Citizen,No,Asian,11-11-13,1476,,N/A - still employed,Active,Software Engineering,Software Engineer,Alex Sweetwater,Search Engine - Google Bing Yahoo,Fully Meets
"Patronick, Luke",1112030979,0,0,1,5,4,4,39,52.25,MA,1844,2/20/1979,Male,Single,US Citizen,No,Asian,11-07-11,1400,09-07-15,Another position,Voluntarily Terminated,Software Engineering,Software Engineer,Alex Sweetwater,Diversity Job Fair,Exceeds
"Saada, Adell",1012023185,1,1,0,1,4,3,31,49.25,MA,2132,7/24/1986,Female,Married,US Citizen,No,White,11-05-12,1847,,N/A - still employed,Active,Software Engineering,Software Engineer,Alex Sweetwater,Pay Per Click - Google,Fully Meets
"Szabo, Andrew",1201031324,0,0,1,1,4,5,35,48,MA,2140,05-06-83,Male,Single,US Citizen,No,White,07-07-14,1238,,N/A - still employed,Active,Software Engineering,Software Engineer,Alex Sweetwater,MBTA ads,Exceptional
"True, Edward",1102024057,0,0,1,5,4,3,34,45.42,MA,2451,6/14/1983,Male,Single,Non-Citizen,No,Black or African American,2/18/2013,421,4/15/2014,medical issues,Voluntarily Terminated,Software Engineering,Software Engineer,Alex Sweetwater,Diversity Job Fair,Fully Meets
"Sweetwater, Alex",1001644719,0,0,1,1,4,3,51,27,MA,2184,11/22/1966,Male,Single,US Citizen,No,White,8/15/2011,2295,,N/A - still employed,Active,Software Engineering,Software Engineering Manager,Jennifer Zamora,Search Engine - Google Bing Yahoo,Fully Meets
"Champaigne, Brian",1009919920,1,1,1,1,3,3,46,63.5,MA,2045,02-09-72,Male,Married,US Citizen,No,White,09-06-16,446,,N/A - still employed,Active,IT/IS,BI Director,Jennifer Zamora,Professional Society,Fully Meets
"Le, Binh",1009919930,0,0,0,1,3,3,30,50.25,MA,1886,6/14/1987,Female,Single,US Citizen,No,Asian,10-02-16,420,,N/A - still employed,Active,IT/IS,Senior BI Developer,Brian Champaigne,Indeed,Fully Meets
"Rachael, Maggie",1009919940,1,1,0,1,3,3,38,45,MA,2110,05-12-80,Female,Married,US Citizen,No,Black or African American,10-02-16,420,,N/A - still employed,Active,IT/IS,BI Developer,Brian Champaigne,Indeed,Fully Meets
"Roper, Katie",1009919950,0,0,0,1,3,3,45,55,MA,2056,11/21/1972,Female,Single,US Citizen,No,Black or African American,01-07-17,323,,N/A - still employed,Active,IT/IS,Data Architect,Brian Champaigne,Indeed,Fully Meets
"Navathe, Kurt",1009919960,0,0,1,1,3,3,48,52.25,MA,2056,4/25/1970,Male,Single,US Citizen,No,Asian,02-10-17,289,,N/A - still employed,Active,IT/IS,Senior BI Developer,Brian Champaigne,Indeed,Fully Meets
"Wang, Charlie",1009919970,0,0,1,1,3,3,36,51,MA,1887,07-08-81,Male,Single,US Citizen,No,Asian,2/15/2017,284,,N/A - still employed,Active,IT/IS,Senior BI Developer,Brian Champaigne,Indeed,Fully Meets
"Smith, Jason",1009919980,0,0,1,1,3,3,34,46,MA,2045,09-04-83,Male,Single,US Citizen,No,White,2/15/2017,284,,N/A - still employed,Active,IT/IS,BI Developer,Brian Champaigne,Indeed,Fully Meets
"Westinghouse, Matthew",1009919990,1,1,1,1,3,3,30,45,MA,2134,10/24/1987,Male,Married,US Citizen,No,White,4/20/2017,220,,N/A - still employed,Active,IT/IS,BI Developer,Brian Champaigne,Indeed,Fully Meets
"Hubert, Robert",1009920000,1,1,1,1,3,3,28,45,MA,2134,6/30/1989,Male,Married,US Citizen,No,Black or African American,4/20/2017,220,,N/A - still employed,Active,IT/IS,BI Developer,Brian Champaigne,Indeed,Fully Meets
